Handle,Title,Body (HTML),Vendor,Product Category,Type,Tags,Published,Option1 Name,Option1 Value,Variant SKU,Variant Grams,Variant Inventory Tracker,Variant Inventory Qty,Variant Inventory Policy,Variant Fulfillment Service,Variant Price,Variant Compare At Price,Variant Requires Shipping,Variant Taxable,Variant Barcode,Cost per item,Image Src,Image Position,Image Alt Text,Status
smdd,SMDD,"<p>(Single Meter Dual Display)</p><p><strong>Part of the Throttle Therapy Nation™ Trusted Brands &amp; Gear network.</strong> TrueAm dual battery and power management solutions are chosen for riders and builders who demand reliable starting power, clean installs, and trail-proven performance.</p><p>Ride. Heal. Belong.</p>",TrueAm,,TrueAm Electrical & Battery Systems,"TrueAm, Trusted Brand",TRUE,Title,Default Title,B074D7TWSB,,shopify,100,deny,manual,69.95,,TRUE,TRUE,698781780824,33.95,,,SMDD,active
true-small-dual-battery-kit,True Small Dual Battery Kit,"<p>True Small Dual Battery Kit</p><p><strong>Part of the Throttle Therapy Nation™ Trusted Brands &amp; Gear network.</strong> TrueAm dual battery and power management solutions are chosen for riders and builders who demand reliable starting power, clean installs, and trail-proven performance.</p><p>Ride. Heal. Belong.</p>",TrueAm,,TrueAm Electrical & Battery Systems,"TrueAm, Trusted Brand",TRUE,Title,Default Title,BDK12SMALL-US,,shopify,100,deny,manual,141.95,,TRUE,TRUE,698781661673,72.75,,,True Small Dual Battery Kit,active
true-honda-talon-dual-battery-kit-talon-sbi-cm,True® Honda Talon Dual Battery Kit TALON-SBI-CM,"The True® Honda Talon Dual Battery Kit TALON-SBI-CM is a vehicle-specific kit with UTV-SBI-18 isolator, cables, relay, and a dual-display voltmeter for complete Talon charge management and monitoring.",TrueAm,,UTV Dual Battery Kit,"TrueAm, Trusted Brand",TRUE,Title,Default Title,TALON-SBI-CM,,shopify,100,deny,manual,138.95,,TRUE,TRUE,869713000000,81.25,,,True® Honda Talon Dual Battery Kit TALON-SBI-CM,active
true-utv-sbi-ck-utv-dual-battery-connect-kit,True® UTV-SBI-CK UTV Dual Battery Connect Kit,"The True® UTV-SBI-CK Dual Battery Connect Kit packages the UTV-SBI-18 Smart Isolator with pre-cut, sealed cables for a clean, simple second-battery install on most UTVs.",TrueAm,,UTV Dual Battery Kit,"TrueAm, Trusted Brand",TRUE,Title,Default Title,UTV-SBI-CK,,shopify,100,deny,manual,111.95,,TRUE,TRUE,869713000048,70.75,,,True® UTV-SBI-CK UTV Dual Battery Connect Kit,active
true-utv-sbi-cm-dual-battery-connect-monitor-kit,True® UTV-SBI-CM UTV Dual Battery Connect & Monitor Kit,"The True® UTV-SBI-CM kit combines the UTV-SBI-18 Smart Isolator, sealed cables, and a compact dual-display voltmeter for automatic charge control and real-time battery monitoring.",TrueAm,,UTV Dual Battery Kit,"TrueAm, Trusted Brand",TRUE,Title,Default Title,UTV-SBI-CM,,shopify,100,deny,manual,145.95,,TRUE,TRUE,869713000055,88.25,,,True® UTV-SBI-CM UTV Dual Battery Connect & Monitor Kit,active
true-utv-sbi-lcm-lithium-dual-battery-connect-monitor-kit,True® UTV Lithium Dual Battery Connect & Monitor Kit True UTV-SBI-LCM,The True® UTV-SBI-LCM Lithium Dual Battery Connect & Monitor Kit pairs the UTV-SBI-19L isolator with sealed cables and a dual-display LED voltmeter for lithium-based UTV dual-battery builds.,TrueAm,,UTV Dual Battery Kit,"TrueAm, Trusted Brand",TRUE,Title,Default Title,UTV-SBI-LCM,,shopify,100,deny,manual,145.95,,TRUE,TRUE,869713000154,88.25,,,True® UTV Lithium Dual Battery Connect & Monitor Kit True UTV-SBI-LCM,active
true-utv-sbi-lck-lithium-dual-battery-connecting-kit,True® Lithium Dual Battery Connecting Kit,The True® Lithium Dual Battery Connecting Kit (UTV-SBI-LCK) uses the UTV-SBI-19L lithium-ready Smart Isolator and fully adhesive-sealed waterproof cables to manage lithium accessory batteries on stator-charging UTVs.,TrueAm,,UTV Dual Battery Kit,"TrueAm, Trusted Brand",TRUE,Title,Default Title,UTV-SBI-LCK,,shopify,100,deny,manual,111.95,,TRUE,TRUE,869713000147,70.75,,,True® Lithium Dual Battery Connecting Kit,active
true-utv-sbi-19l-isolator-with-pep,True® UTV-SBI-19L Isolator with PEP®,"The True® UTV-SBI-19L Isolator with PEP® is a lithium-ready Smart Battery Isolator, designed for stator-charging UTV systems running at least one lithium battery.",TrueAm,,UTV Battery Isolator,"TrueAm, Trusted Brand",TRUE,Title,Default Title,UTV-SBI-19L,,shopify,100,deny,manual,99.95,,TRUE,TRUE,869713000079,41.0,,,True® UTV-SBI-19L Isolator with PEP®,active
5-pc-club-car,5 pc club Car,"<p>5 pc club Car Battery Cable Set (4 Guage)</p><p><strong>Part of the Throttle Therapy Nation™ Trusted Brands &amp; Gear network.</strong> TrueAm dual battery and power management solutions are chosen for riders and builders who demand reliable starting power, clean installs, and trail-proven performance.</p><p>Ride. Heal. Belong.</p>",TrueAm,,TrueAm Electrical & Battery Systems,"TrueAm, Trusted Brand",TRUE,Title,Default Title,5-14-4AWGUS,,shopify,100,deny,manual,39.95,,TRUE,TRUE,698781502358,,,,5 pc club Car,active
txt-golf-cart-cables,TXT Golf cart Cables,"<p>TXT Golf cart Cables</p><p><strong>Part of the Throttle Therapy Nation™ Trusted Brands &amp; Gear network.</strong> TrueAm dual battery and power management solutions are chosen for riders and builders who demand reliable starting power, clean installs, and trail-proven performance.</p><p>Ride. Heal. Belong.</p>",TrueAm,,TrueAm Electrical & Battery Systems,"TrueAm, Trusted Brand",TRUE,Title,Default Title,ezgotxt0521,,shopify,100,deny,manual,31.85,,TRUE,TRUE,869713000093,,,,TXT Golf cart Cables,active
dbk12med-us,DBK12MED-US,"<p>Medium True® Dual Battery Kit</p><p><strong>Part of the Throttle Therapy Nation™ Trusted Brands &amp; Gear network.</strong> TrueAm dual battery and power management solutions are chosen for riders and builders who demand reliable starting power, clean installs, and trail-proven performance.</p><p>Ride. Heal. Belong.</p>",TrueAm,,TrueAm Electrical & Battery Systems,"TrueAm, Trusted Brand",TRUE,Title,Default Title,DBK12MED-US,,shopify,100,deny,manual,118.95,,TRUE,TRUE,869713000031,76.26,,,DBK12MED-US,active
true-large-dual-battery-kit,True Large Dual Battery Kit,"<p>True Large Dual Battery Kit</p><p><strong>Part of the Throttle Therapy Nation™ Trusted Brands &amp; Gear network.</strong> TrueAm dual battery and power management solutions are chosen for riders and builders who demand reliable starting power, clean installs, and trail-proven performance.</p><p>Ride. Heal. Belong.</p>",TrueAm,,TrueAm Electrical & Battery Systems,"TrueAm, Trusted Brand",TRUE,Title,Default Title,DBK12LARGE-USHD,,shopify,100,deny,manual,164.95,,TRUE,TRUE,698781927434,105.75,,,True Large Dual Battery Kit,active
heavy-duty-12v-140a-gm-silverado-dual-battery-kit,Heavy-duty 12V 140A GM Silverado dual battery kit,"<p>Heavy-duty 12V 140A GM Silverado dual battery kit</p><p><strong>Part of the Throttle Therapy Nation™ Trusted Brands &amp; Gear network.</strong> TrueAm dual battery and power management solutions are chosen for riders and builders who demand reliable starting power, clean installs, and trail-proven performance.</p><p>Ride. Heal. Belong.</p>",TrueAm,,TrueAm Electrical & Battery Systems,"TrueAm, Trusted Brand",TRUE,Title,Default Title,DBK12LARGE-USHD,,shopify,100,deny,manual,164.95,,TRUE,TRUE,704260637296,109.95,,,Heavy-duty 12V 140A GM Silverado dual battery kit,active
true-honda-talon-ck,True® Honda Talon CK,The True® Honda Talon CK is a Talon-specific dual battery connecting kit featuring the UTV-SBI-18 Smart Isolator and pre-sized cables for a plug-in second battery setup.,TrueAm,,UTV Dual Battery Kit,"TrueAm, Trusted Brand",TRUE,Title,Default Title,TALON-SBI-CK,,shopify,100,deny,manual,105.95,,TRUE,TRUE,869713000031,65.5,,,True® Honda Talon CK,active
utv-sbi-cm-huasa,UTV-SBI-CM-HUASA,"<p>Honda Pioneer Dual Battery Kit 1000,700</p><p><strong>Part of the Throttle Therapy Nation™ Trusted Brands &amp; Gear network.</strong> TrueAm dual battery and power management solutions are chosen for riders and builders who demand reliable starting power, clean installs, and trail-proven performance.</p><p>Ride. Heal. Belong.</p>",TrueAm,,TrueAm Electrical & Battery Systems,"TrueAm, Trusted Brand",TRUE,Title,Default Title,UTV-SBI-CM-HUASA,,shopify,100,deny,manual,145.95,,TRUE,TRUE,698781558423,88.25,,,UTV-SBI-CM-HUASA,active
ip-ds14013-213-5md,IP-DS14013.213.5MD,"<p>Lithium SBI 142-PL (Isolator only)</p><p><strong>Part of the Throttle Therapy Nation™ Trusted Brands &amp; Gear network.</strong> TrueAm dual battery and power management solutions are chosen for riders and builders who demand reliable starting power, clean installs, and trail-proven performance.</p><p>Ride. Heal. Belong.</p>",TrueAm,,TrueAm Electrical & Battery Systems,"TrueAm, Trusted Brand",TRUE,Title,Default Title,Lithium-SBI-142-PL,,shopify,100,deny,manual,106.95,,TRUE,TRUE,698781677322,47.0,,,IP-DS14013.213.5MD,active
true-utv-sbi-18-isolator-with-pep,True® UTV-SBI-18 Isolator with P.E.P.®,"The True® UTV-SBI-18 Isolator with P.E.P.® is purpose-built for stator-based UTV/ATV charging systems, automatically separating and charging dual batteries to protect the starter battery.",TrueAm,,UTV Battery Isolator,"TrueAm, Trusted Brand",TRUE,Title,Default Title,UTV-SBI-18,,shopify,100,deny,manual,91.95,,TRUE,TRUE,869713000062,41.0,,,True® UTV-SBI-18 Isolator with P.E.P.®,active
kawasaki-teryx-cm,Kawasaki Teryx-CM,"<p>Kawasaki Teryx-CM</p><p><strong>Part of the Throttle Therapy Nation™ Trusted Brands &amp; Gear network.</strong> TrueAm dual battery and power management solutions are chosen for riders and builders who demand reliable starting power, clean installs, and trail-proven performance.</p><p>Ride. Heal. Belong.</p>",TrueAm,,TrueAm Electrical & Battery Systems,"TrueAm, Trusted Brand",TRUE,Title,Default Title,Teryx-CM,,shopify,100,deny,manual,192.95,,TRUE,TRUE,704260799871,103.25,,,Kawasaki Teryx-CM,active
kawasaki-teryx-ck,Kawasaki Teryx-CK,"<p>Kawasaki Teryx-CK</p><p><strong>Part of the Throttle Therapy Nation™ Trusted Brands &amp; Gear network.</strong> TrueAm dual battery and power management solutions are chosen for riders and builders who demand reliable starting power, clean installs, and trail-proven performance.</p><p>Ride. Heal. Belong.</p>",TrueAm,,TrueAm Electrical & Battery Systems,"TrueAm, Trusted Brand",TRUE,Title,Default Title,Teryx-CK,,shopify,100,deny,manual,133.95,,TRUE,TRUE,704260915387,85.75,,,Kawasaki Teryx-CK,active
yamaha-g19-golf-cart-4-gauge-battery-cable-set-48v,Yamaha G19 Golf Cart 4-gauge battery cable set 48V,"<p>Yamaha G19 Golf Cart 4-gauge battery cable set 48V</p><p><strong>Part of the Throttle Therapy Nation™ Trusted Brands &amp; Gear network.</strong> TrueAm dual battery and power management solutions are chosen for riders and builders who demand reliable starting power, clean installs, and trail-proven performance.</p><p>Ride. Heal. Belong.</p>",TrueAm,,TrueAm Electrical & Battery Systems,"TrueAm, Trusted Brand",TRUE,Title,Default Title,Yah157.5,,shopify,100,deny,manual,43.45,,TRUE,TRUE,704260869093,26.35,,,Yamaha G19 Golf Cart 4-gauge battery cable set 48V,active
yamaha-g2-g8-g9-1985-94-4-gauge-golf-cart-battery-cable-set-36volt,"Yamaha G2,G8,G9 1985-94, 4-gauge Golf Cart battery cable set 36Volt","<p>Yamaha G2,G8,G9 1985-94, 4-gauge Golf Cart battery cable set 36Volt</p><p><strong>Part of the Throttle Therapy Nation™ Trusted Brands &amp; Gear network.</strong> TrueAm dual battery and power management solutions are chosen for riders and builders who demand reliable starting power, clean installs, and trail-proven performance.</p><p>Ride. Heal. Belong.</p>",TrueAm,,TrueAm Electrical & Battery Systems,"TrueAm, Trusted Brand",TRUE,Title,Default Title,Yam12.5,,shopify,100,deny,manual,41.65,,TRUE,TRUE,704260682135,26.35,,,"Yamaha G2,G8,G9 1985-94, 4-gauge Golf Cart battery cable set 36Volt",active
ezgo-heavy-duty-txt-48volt-battery-cable-set-4awg,EZGO Heavy Duty TXT 48Volt Battery cable set 4Awg,"<p>EZGO Heavy Duty TXT 48Volt Battery cable set 4Awg</p><p><strong>Part of the Throttle Therapy Nation™ Trusted Brands &amp; Gear network.</strong> TrueAm dual battery and power management solutions are chosen for riders and builders who demand reliable starting power, clean installs, and trail-proven performance.</p><p>Ride. Heal. Belong.</p>",TrueAm,,TrueAm Electrical & Battery Systems,"TrueAm, Trusted Brand",TRUE,Title,Default Title,EZ4.16.1.9,,shopify,100,deny,manual,48.95,,TRUE,TRUE,704260691199,31.35,,,EZGO Heavy Duty TXT 48Volt Battery cable set 4Awg,active
true-lithium-large-dual-battery-kit,True® Lithium Large Dual Battery Kit,"<p>True® Lithium Large Dual Battery Kit</p><p><strong>Part of the Throttle Therapy Nation™ Trusted Brands &amp; Gear network.</strong> TrueAm dual battery and power management solutions are chosen for riders and builders who demand reliable starting power, clean installs, and trail-proven performance.</p><p>Ride. Heal. Belong.</p>",TrueAm,,TrueAm Electrical & Battery Systems,"TrueAm, Trusted Brand",TRUE,Title,Default Title,SBI-142-PL-LRG,,shopify,100,deny,manual,164.95,,TRUE,TRUE,704260982327,109.95,,,True® Lithium Large Dual Battery Kit,active
true-lithium-medium-dual-battery-kit,True® Lithium Medium Dual Battery Kit,"<p>True® Lithium Medium Dual Battery Kit</p><p><strong>Part of the Throttle Therapy Nation™ Trusted Brands &amp; Gear network.</strong> TrueAm dual battery and power management solutions are chosen for riders and builders who demand reliable starting power, clean installs, and trail-proven performance.</p><p>Ride. Heal. Belong.</p>",TrueAm,,TrueAm Electrical & Battery Systems,"TrueAm, Trusted Brand",TRUE,Title,Default Title,SBI-142-PL-MED,,shopify,100,deny,manual,120.95,,TRUE,TRUE,704260554043,78.25,,,True® Lithium Medium Dual Battery Kit,active
true-lithium-small-dual-battery-kit,True® Lithium Small Dual Battery Kit,"The True® Lithium Small Dual Battery Kit is built for lithium auxiliary batteries mounted near the primary battery, delivering clean power for moderate accessory loads.",TrueAm,,Dual Battery Kit,"TrueAm, Trusted Brand",TRUE,Title,Default Title,SBI-142-PL-SML,,shopify,100,deny,manual,102.95,,TRUE,TRUE,704260567227,72.75,,,True® Lithium Small Dual Battery Kit,active
true-smart-battery-isolator,True® Smart Battery Isolator,"The True® Smart Battery Isolator (140A) is engineered for 12V systems to automatically manage dual-battery charging, protect your starting battery, and power accessories with confidence.",TrueAm,,Battery Isolator,"TrueAm, Trusted Brand",TRUE,Title,Default Title,IP-DS14012.913.4,,shopify,100,deny,manual,104.95,,TRUE,TRUE,,47.0,,,True® Smart Battery Isolator,active
true-complete-7pc-club-car-ds-48v-battery-cable-kit-4-gauge,True® Complete 7pc Club Car DS 95+ 48V Cable Kit (4 Gauge),"The True® 7-piece 4-gauge Battery Cable Kit for Club Car DS (1995+) upgrades cable size and quality for cooler operation, reduced voltage drop, and long-term reliability on 48V carts.",TrueAm,,Golf Cart Battery Cables,"TrueAm, Trusted Brand",TRUE,Title,Default Title,7pc-cc-c,,shopify,100,deny,manual,54.55,,TRUE,TRUE,704260961452,35.5,,,True® Complete 7pc Club Car DS 95+ 48V Cable Kit (4 Gauge),active
true-battery-cables-4-awg-36-battery-cables-w-ends-2pcs-copper-battery-cables,"True® Battery Cables 4 AWG 36""Battery Cables w/ends 2PCS Copper Battery Cables.","<p>True® Battery Cables 4 AWG 36""Battery Cables w/ends 2PCS Copper Battery Cables.</p><p><strong>Part of the Throttle Therapy Nation™ Trusted Brands &amp; Gear network.</strong> TrueAm dual battery and power management solutions are chosen for riders and builders who demand reliable starting power, clean installs, and trail-proven performance.</p><p>Ride. Heal. Belong.</p>",TrueAm,,TrueAm Electrical & Battery Systems,"TrueAm, Trusted Brand",TRUE,Title,Default Title,2pcterm4awg36,,shopify,100,deny,manual,32.98,,TRUE,TRUE,704260654859,,,,"True® Battery Cables 4 AWG 36""Battery Cables w/ends 2PCS Copper Battery Cables.",active
4-awg-battery-cable-2ft-4-gauge-battery-cables-with-5-16-lugs,4 AWG Battery Cable 2FT 4 Gauge  Battery Cables with 5/16” lugs,"<p>4 AWG Battery Cable 2FT 4 Gauge  Battery Cables with 5/16</p><p><strong>Part of the Throttle Therapy Nation™ Trusted Brands &amp; Gear network.</strong> TrueAm dual battery and power management solutions are chosen for riders and builders who demand reliable starting power, clean installs, and trail-proven performance.</p><p>Ride. Heal. Belong.</p>",TrueAm,,TrueAm Electrical & Battery Systems,"TrueAm, Trusted Brand",TRUE,Title,Default Title,2pc24-4g516,,shopify,100,deny,manual,21.95,,TRUE,TRUE,704260889718,,,,4 AWG Battery Cable 2FT 4 Gauge  Battery Cables with 5/16” lugs,active
true-lithium-smart-battery-isolator,True® Lithium Smart Battery Isolator,"The True® Lithium Smart Battery Isolator is optimized for lithium auxiliary batteries, delivering safe, efficient 140A dual-battery management for demanding off-road electrical builds.",TrueAm,,Battery Isolator,TrueAm,TRUE,Title,Default Title,IP-DS14013.213.5MD,,shopify,100,continue,manual,106.95,,TRUE,TRUE,,,,,True® Lithium Smart Battery Isolator,active
true-small-dual-battery-kit,True® Small Dual Battery Kit,"The True® Small Dual Battery Kit combines a Smart Battery Isolator with short-run cabling, ideal for auxiliary batteries mounted close to the starting battery in compact engine bays.",TrueAm,,Dual Battery Kit,TrueAm,TRUE,Title,Default Title,DBK12SMALL,,shopify,100,continue,manual,141.95,,TRUE,TRUE,,,,,True® Small Dual Battery Kit,active
true-medium-dual-battery-kit,True® Medium Dual Battery Kit,"The True® Medium Dual Battery Kit provides extra cable length for mid-distance battery layouts, keeping accessory loads off your starting battery while maintaining reliable charging.",TrueAm,,Dual Battery Kit,TrueAm,TRUE,Title,Default Title,DBK12MED,,shopify,100,continue,manual,151.0,,TRUE,TRUE,,,,,True® Medium Dual Battery Kit,active
true-large-dual-battery-kit,True® Large Dual Battery Kit,"The True® Large Dual Battery Kit is designed for remote-mounted auxiliary batteries, such as rear cargo or bed locations, supporting high-output lighting, audio, winches, and more.",TrueAm,,Dual Battery Kit,TrueAm,TRUE,Title,Default Title,DBK12LARGE,,shopify,100,continue,manual,162.95,,TRUE,TRUE,,,,,True® Large Dual Battery Kit,active
true-lithium-medium-dual-battery-kit,True® Lithium Medium Dual Battery Kit,"The True® Lithium Medium Dual Battery Kit supports lithium auxiliary batteries with a mid-length wiring layout, ideal for lighting, moderate audio, and everyday trail accessories.",TrueAm,,Dual Battery Kit,TrueAm,TRUE,Title,Default Title,SBI-142-PL-M,,shopify,100,continue,manual,149.95,,TRUE,TRUE,,,,,True® Lithium Medium Dual Battery Kit,active
true-lithium-large-dual-battery-kit,True® Lithium Large Dual Battery Kit,"The True® Lithium Large Dual Battery Kit handles long cable runs to rear-mounted lithium batteries and is built for towers, large stereos, compressors, and heavy winching.",TrueAm,,Dual Battery Kit,TrueAm,TRUE,Title,Default Title,SBI-142-PL-Lrg,,shopify,100,continue,manual,164.95,,TRUE,TRUE,,,,,True® Lithium Large Dual Battery Kit,active
true-volt-meter-dual-display,True® Voltmeter dual display,"The True® Voltmeter dual display is a round-mount digital gauge with twin blue LED readouts, harness, relay, and 8 ft of duplex wire to monitor two battery voltages at a glance.",TrueAm,,Monitor / Gauge,TrueAm,TRUE,Title,Default Title,SMDD(1),,shopify,100,continue,manual,,,TRUE,TRUE,,,,,True® Voltmeter dual display,active
true-kawasaki-teryx-dual-battery-kit-teryx-sbi-ck,True® Kawasaki Teryx Dual Battery Kit TERYX-SBI-CK,The True® Kawasaki Teryx Dual Battery Kit TERYX-SBI-CK is a model-specific UTV dual battery connecting kit with UTV-SBI-18 isolator and sealed cables sized for the Teryx platform.,TrueAm,,UTV Dual Battery Kit,TrueAm,TRUE,Title,Default Title,TERYX-SBI-CK,,shopify,100,continue,manual,131.95,,TRUE,TRUE,,,,,True® Kawasaki Teryx Dual Battery Kit TERYX-SBI-CK,active
true-kawasaki-teryx-dual-battery-kit-teryx-sbi-cm,Kawasaki Teryx Dual Battery Kit TERYX-SBI-CM,"The Kawasaki Teryx Dual Battery Kit TERYX-SBI-CM adds a UTV-SBI-18 isolator, model-specific cables, and a 36mm dual-display voltmeter to give Teryx owners full dual-battery control and monitoring.",TrueAm,,UTV Dual Battery Kit,TrueAm,TRUE,Title,Default Title,TERYX-SBI-CM,,shopify,100,continue,manual,190.95,,TRUE,TRUE,,,,,Kawasaki Teryx Dual Battery Kit TERYX-SBI-CM,active
